name,contents,sysGeneName,variationName
tmC20,,,tmC20
tmC18,,,tmC18
tmC27,,,tmC27
tmC6,,,tmC6
tmC29,,,tmC29
tmC25,,,tmC25
tmC5,,,tmC5
tmC9,,,tmC9
tmC16,,,tmC16
tmC3,,,tmC3
tmC12,,,tmC12
tmC30,,,tmC30
tmC24,,,tmC24
tmC5mec,,F01D4.6,
tmC5unc,,ZK897.1,
tmC9mec,,F01D4.6,
tmC9unc,,ZK897.1,
tmC3lon,,ZK836.1,
tmC3unc,,H14N18.1,
tmC12lon,,ZK836.1,
tmC12unc,,H14N18.1,
tmC30lon,,C39E6.1,
tmC30mec,,F16F9.5,
tmC24mec,,F16F9.5,
tmIs1228,,F22E12.4,
tmIs1230,,F22E12.4,
tmIs1220,,F36H1.3,
tmIs1189,,T14B4.6,
tmIs1208,,T14B4.6,
tmIs1221,,F36H1.2,
tmIs1194,,F22E12.4,
tmIs1197,,F22E12.4,
tmIs1210,,C38C3.5,
tmIs1237,,C38C3.5,
tmIs1200,,F27C1.8,
tmIs1236,,F27C1.8,
tmIs1219,,K10D3.2,
tmIs1240,,F23D12.4,
tmIs1233,,F23D12.4,
tmIs1241,,B0273.4,
tmIs1239,,C17D12.2,
tmIs1247,,B0403.2,
tmIs1243,,B0403.2,
tmIs1259,,T21C12.1,
tm9715,,F27C1.8,
tm9719,,R12H7.1,
tm9718,,R12H7.1,
tm750,,C07H6.1,
tmEx4950,,,tmEx4950
