allele_name,expressing_phenotype_name,expressing_phenotype_wild,altering_phenotype_name,altering_phenotype_wild,altering_condition,is_suppressing
tmC5mec,Mec-3,0,Mec-3,1,,1
tmC5unc,Unc-31,0,Unc-31,1,,1
tmC9mec,Mec-3,0,Mec-3,1,,1
tmC9unc,Unc-31,0,Unc-31,1,,1
tmC3lon,Lon-3,0,Lon-3,1,,1
tmC3unc,Unc-23,0,Unc-23,1,,1
tmC12lon,Lon-3,0,Lon-3,1,,1
tmC12unc,Unc-23,0,Unc-23,1,,1
tmC30lon,Lon-2,0,Lon-2,1,,1
tmC30mec,Mec-10,0,Mec-10,1,,1
tmC24mec,Mec-10,0,Mec-10,1,,1
tmIs1189,Dpy-2,0,Dpy-2,1,,1
tmIs1208,Dpy-2,0,Dpy-2,1,,1
tmIs1210,Unc-60,0,Unc-60,1,,1
tmIs1237,Unc-60,0,Unc-60,1,,1
tmIs1200,Dpy-5,0,Dpy-5,1,,1
tmIs1236,Dpy-5,0,Dpy-5,1,,1
tmIs1241,Unc-5,0,Unc-5,1,,1
tmIs1239,Unc-75,0,Unc-75,1,,1
tmIs1259,Unc-49,0,Unc-49,1,,1
tm9715,Dpy-5,0,Dpy-5,1,,1
tm9719,Unc-9,0,Unc-9,1,,1
tm9718,Unc-9,0,Unc-9,1,,1
e911,Unc-76,0,Unc-76,1,,1
sc148,Rol-9,0,Rol-9,1,,1
e428,Dpy-21,0,Dpy-21,1,,1
e444,Unc-52,0,Unc-52,1,,1
s2170,Dpy-1,0,Dpy-1,1,,1
e120,Unc-4,0,Unc-4,1,,1
e1259,Dpy-19,0,Dpy-19,1,,1
q339,Glp-1,0,Glp-1,1,,1
e128,Dpy-10,0,Dpy-10,1,,1
umnIs32,NeomycinR,1,NeomycinR,0,,1
umnIs32,NeomycinR,1,,,Neomycin,0
umnIs32,NeomycinR,0,,,Neomycin,0
umnIs41,NeomycinR,1,NeomycinR,0,,1
umnIs41,NeomycinR,1,,,Neomycin,0
umnIs41,NeomycinR,0,,,Neomycin,0
