alleleName,chromosome,physLoc,geneticLoc,recombSuppressorStart,recombSuppressorEnd,isLocationReference,percentLoss
tmC20,I,4185054,-1.63,113807,8256301,false,
tmC18,I,8293531,2.71,4709259,11877803,false,
tmC27,I,11624925,9.35,9609544,13640305,false,
tmC6,II,4619732,-3.81,2329392,6910072,false,
tmC29,III,11571095,10.99,9737472,13404718,false,
tmC25,IV,3966950,-1.25,736747,7197153,false,
tmC5,IV,9696668,4.38,6619468,12773867,false,
tmC9,IV,12847470,6.37,10458816,15236123,false,
tmC16,V,3840121,-7.98,1027891,6652351,false,
tmC3,V,9331251,1.99,6465065,12197437,false,
tmC12,V,12008247,3.58,8936359,15080134,false,
tmC30,X,5248814,-5.94,2031868,8465760,false,
tmC24,X,12153666,7.01,8465760,15841572,false,
tmEx4950,Ex,,,,,false,
