alleleName,expressingPhenotypeName,expressingPhenotypeWild,dominance
n765ts,Lin-15,0,4
ed3,Unc-119,0,4
ed4,Unc-119,0,4
ed9,Unc-119,0,4
oxIs12,Punc-47::GFP,0,2
oxIs12,Lin-15,1,2
oxIs363,Punc-122::GFP,0,2
oxIs363,Unc-119,1,2
oxIs644,Lin-15,1,2
oxIs644,Peft-3::citrine::NLS,0,2
oxTi302,Unc-119,1,2
oxTi75,Peft-3::GFP::H2B,0,2
oxTi75,Unc-18,1,2
oxEx2254,Unc-119,1,2
e61,Dpy-5,0,4
e187,Rol-6,0,4
e1820,Lon-1,0,4
sc16,Bli-6,0,4
e224,Dpy-11,0,4
e936,Unc-73,0,4
e491,Sma-3,0,4
e1562,Vab-7,0,4
e928,Unc-31,0,4
e1368ts,Daf-2,0,4
e53,Unc-5,0,4
ox171,Unc-5,0,4
e66,Unc-22,0,4
e1282,Dpy-20,0,4
ox819,Unc-119,0,4
md299,Unc-18,0,4
e1166sd,Dpy-4(weak),0,1
e1166sd,Dpy-4(strong),0,0
ox496,Dpy-13,0,4
ox496,NeomycinR,0,2
ox496,NeomycinR,1,3
oxEx2254,NeomycinR,0,2
oxEx2254,NeomycinR,1,3
oxTi1127,Pmyo-2::nls-CyOFP,0,2
qyEx127,Pced-5::GFP,0,2
qyEx127,Unc-119,1,2
