name,wild,short_name,description,male_mating,lethal,female_sterile,arrested,maturation_days
Lin-15,0,Lin-15,,,0,,,
Lin-15,1,Lin-15,,,,,,
Unc-119,0,Unc-119,,,0,,,
Unc-119,1,Unc-119,,,,,,
Punc-47::GFP,0,Punc-47::GFP,,,0,,,
Punc-122::GFP,0,Punc-122::GFP,,,0,,,
Dpy-5,0,Dpy-5,,,0,,,
Dpy-5,1,Dpy-5,,,,,,
Rol-6,0,Rol-6,,,0,,,
Rol-6,1,Rol-6,,,,,,
Lon-1,0,Lon-1,,,0,,,
Lon-1,1,Lon-1,,,,,,
Bli-6,0,Bli-6,,,0,,,
Bli-6,1,Bli-6,,,,,,
Dpy-11,0,Dpy-11,,,0,,,
Dpy-11,1,Dpy-11,,,,,,
Unc-73,0,Unc-73,,,0,,,
Unc-73,1,Unc-73,,,,,,
Sma-3,0,Sma-3,,,0,,,
Sma-3,1,Sma-3,,,,,,
Vab-7,0,Vab-7,,,0,,,
Vab-7,1,Vab-7,,,,,,
Unc-31,0,Unc-31,,,0,,,
Unc-31,1,Unc-31,,,,,,
Daf-2,0,Daf-2,,,0,,,
Daf-2,1,Daf-2,,,,,,
