strainName,alleleName,isOnTop,isOnBot
EG1306,oxIs12,true,true
EG1306,n765ts,true,true
EG5071,ed3,true,true
EG5071,oxIs363,true,true
EG9934,oxIs644,true,true
EG9934,n765ts,true,true
EG1000,e61,true,true
EG1000,e187,true,true
EG1000,e1820,true,true
EG1020,sc16,true,true
EG1020,e224,true,true
EG1020,e678,true,true
154,e936,true,true
154,e491,true,true
154,sc16,true,true
155,e936,true,true
155,e224,true,true
155,e678,true,true
DA438,e937,true,true
DA438,e187,true,true
DA438,e1368ts,true,true
DA438,e1562,true,true
DA438,e928,true,true
DA438,e224,true,true
DA438,e678,true,true
NK785,ed4,true,true
NK785,qyEx127,true,false
EG3123,ed9,true,true
CB3988,e1107,true,false
CB3988,nT1(IV),false,true
CB3988,nT1vul,false,true
CB3988,nT1(V),false,true
CB2223,e53,true,true
CB2223,e1282,true,true
EG10401,ox171,true,true
EG10401,e1166sd,true,true
EG10402,e12,true,true
EG10402,ox171,true,true
EG10403,ox496,true,true
EG10403,ox171,true,true
EG10404,e66,true,true
EG10404,e1166sd,true,true
EG10405,e12,true,true
EG10405,e66,true,true
EG10406,ox496,true,true
EG10406,e66,true,true
EG10105,ed3,true,true
EG10105,oxIs644,true,true
EG10105,oxEx2254,true,false
EG10114,ox1059,true,true
EG9965,oxSi1168,true,true
EG9965,ox819,true,true
EG9965,oxTi1127,true,true
EG7841,oxTi302,true,true
EG7841,ed3,true,true
EG7764,oxTi75,true,true
EG7764,md299,true,true
