sysName,descName,chromosome,physLoc,geneticLoc
age-2,age-2,,,
amo-1,amo-1,,,
amo-2,amo-2,,,
amo-4,amo-4,,,
amo-5,amo-5,,,
amo-6,amo-6,,,
amo-7,amo-7,,,
amo-8,amo-8,,,
amo-9,amo-9,,,
anx-1,anx-1,,,
apo-4,apo-4,,,
bpr-1,bpr-1,,,
bpr-2,bpr-2,,,
cat-3,cat-3,,,
cat-5,cat-5,,,
cdc-16,cdc-16,,,
ces-4,ces-4,,,
che-15,che-15,,,
che-16,che-16,,,
cod-3,cod-3,,,
cod-8,cod-8,,,
cod-9,cod-9,,,
cod-11,cod-11,,,
cod-12,cod-12,,,
cod-13,cod-13,,,
cod-14,cod-14,,,
cod-15,cod-15,,,
col-11,col-11,,,
col-15,col-15,,,
col-16,col-16,,,
col-18,col-18,,,
csg-3,csg-3,,,
csg-4,csg-4,,,
csg-6,csg-6,,,
csg-7,csg-7,,,
csg-8,csg-8,,,
cta-5,cta-5,,,
MTCE.21,ctb-1,,,
daf-26,daf-26,,,
daf-27,daf-27,,,
daf-29,daf-29,,,
daf-30,daf-30,,,
daf-32,daf-32,,,
daf-33,daf-33,,,
daf-34,daf-34,,,
daf-35,daf-35,,,
des-1,des-1,,,
des-3,des-3,,,
des-4,des-4,,,
dig-2,dig-2,,,
dmo-1,dmo-1,,,
dmo-2,dmo-2,,,
dmo-3,dmo-3,,,
dmo-5,dmo-5,,,
dmo-6,dmo-6,,,
dmo-7,dmo-7,,,
dmo-8,dmo-8,,,
dur-91,dur-91,,,
egl-49,egl-49,,,
eha-1,eha-1,,,
ehn-2,ehn-2,,,
emb-17,emb-17,,,
emb-40,emb-40,,,
emb-46,emb-46,,,
emb-47,emb-47,,,
emb-48,emb-48,,,
emb-49,emb-49,,,
emb-50,emb-50,,,
emb-52,emb-52,,,
emb-53,emb-53,,,
emb-57,emb-57,,,
emb-60,emb-60,,,
emb-61,emb-61,,,
emb-62,emb-62,,,
emb-67,emb-67,,,
emb-85,emb-85,,,
emo-2,emo-2,,,
emo-3,emo-3,,,
emo-4,emo-4,,,
emo-5,emo-5,,,
emo-6,emo-6,,,
eno-2,eno-2,,,
eno-3,eno-3,,,
eno-4,eno-4,,,
eno-6,eno-6,,,
eno-7,eno-7,,,
eno-8,eno-8,,,
eno-9,eno-9,,,
eno-11,eno-11,,,
enu-1,enu-1,,,
enu-2,enu-2,,,
eos-1,eos-1,,,
eos-2,eos-2,,,
exc-8,exc-8,,,
fab-1,fab-1,,,
fab-2,fab-2,,,
fab-3,fab-3,,,
fab-4,fab-4,,,
faf-1,faf-1,,,
feb-1,feb-1,,,
fed-1,fed-1,,,
fed-2,fed-2,,,
flu-1,flu-1,,,
gas-2,gas-2,,,
gem-3,gem-3,,,
gon-5,gon-5,,,
gon-6,gon-6,,,
gon-8,gon-8,,,
gon-9,gon-9,,,
gon-11,gon-11,,,
gum-2,gum-2,,,
gum-3,gum-3,,,
gum-4,gum-4,,,
gum-5,gum-5,,,
gum-6,gum-6,,,
gut-4,gut-4,,,
hab-1,hab-1,,,
hcd-1,hcd-1,,,
hcd-2,hcd-2,,,
hid-5,hid-5,,,
hid-6,hid-6,,,
hid-7,hid-7,,,
him-11,him-11,,,
him-13,him-13,,,
hlp-1,hlp-1,,,
hlp-2,hlp-2,,,
hnl-1,hnl-1,,,
hsp-5,hsp-5,,,
idf-1,idf-1,,,
inb-1,inb-1,,,
ipp-2,ipp-2,,,
kin-12,kin-12,,,
kin-27,kin-27,,,
let-13,let-13,,,
let-20,let-20,,,
let-27,let-27,,,
let-28,let-28,,,
let-32,let-32,,,
let-57,let-57,,,
let-58,let-58,,,
let-78,let-78,,,
let-79,let-79,,,
let-83,let-83,,,
let-117,let-117,,,
let-120,let-120,,,
let-121,let-121,,,
let-122,let-122,,,
let-123,let-123,,,
let-126,let-126,,,
let-128,let-128,,,
let-130,let-130,,,
let-131,let-131,,,
let-132,let-132,,,
let-254,let-254,,,
let-255,let-255,,,
let-256,let-256,,,
let-258,let-258,,,
let-260,let-260,,,
let-261,let-261,,,
let-262,let-262,,,
let-267,let-267,,,
let-269,let-269,,,
let-270,let-270,,,
let-271,let-271,,,
let-285,let-285,,,
let-286,let-286,,,
let-287,let-287,,,
let-298,let-298,,,
let-303,let-303,,,
let-304,let-304,,,
let-305,let-305,,,
let-306,let-306,,,
let-480,let-480,,,
let-481,let-481,,,
let-500,let-500,,,
let-516,let-516,,,
let-533,let-533,,,
let-588,let-588,,,
let-590,let-590,,,
let-730,let-730,,,
let-760,let-760,,,
let-762,let-762,,,
let-809,let-809,,,
let-811,let-811,,,
let-982,let-982,,,
let-983,let-983,,,
let-984,let-984,,,
let-985,let-985,,,
let-986,let-986,,,
let-987,let-987,,,
lgx-2,lgx-2,,,
lin-15,lin-15,,,
lin-27,lin-27,,,
lin-30,lin-30,,,
lin-43,lin-43,,,
lin-62,lin-62,,,
lmr-1,lmr-1,,,
lrn-1,lrn-1,,,
lrn-2,lrn-2,,,
mab-17,mab-17,,,
mab-24,mab-24,,,
mab-25,mab-25,,,
mar-1,mar-1,,,
max-4,max-4,,,
max-5,max-5,,,
max-6,max-6,,,
mel-4,mel-4,,,
mel-5,mel-5,,,
mel-7,mel-7,,,
mel-14,mel-14,,,
mel-16,mel-16,,,
mel-17,mel-17,,,
mel-20,mel-20,,,
mig-4,mig-4,,,
mig-12,mig-12,,,
mio-1,mio-1,,,
mnm-1,mnm-1,,,
mnm-3,mnm-3,,,
mnm-4,mnm-4,,,
msh-3,msh-3,,,
msp-24,msp-24,,,
msp-29,msp-29,,,
msp-41,msp-41,,,
msp-46,msp-46,,,
msp-47,msp-47,,,
msp-48,msp-48,,,
msp-54,msp-54,,,
msp-60,msp-60,,,
msp-61,msp-61,,,
msp-62,msp-62,,,
msp-70,msp-70,,,
msp-72,msp-72,,,
mua-7,mua-7,,,
mua-8,mua-8,,,
mua-9,mua-9,,,
mua-10,mua-10,,,
mup-3,mup-3,,,
mut-1,mut-1,,,
mut-3,mut-3,,,
mut-4,mut-4,,,
mut-5,mut-5,,,
mut-6,mut-6,,,
mut-9,mut-9,,,
nrf-1,nrf-1,,,
nrf-4,nrf-4,,,
nrf-8,nrf-8,,,
nup-1,nup-1,,,
odr-6,odr-6,,,
ogr-1,ogr-1,,,
ora-2,ora-2,,,
ora-4,ora-4,,,
oxy-2,oxy-2,,,
oxy-3,oxy-3,,,
pag-6,pag-6,,,
pbm-1,pbm-1,,,
pbo-3,pbo-3,,,
pbo-7,pbo-7,,,
pel-1,pel-1,,,
pel-2,pel-2,,,
pel-3,pel-3,,,
pel-4,pel-4,,,
pes-11,pes-11,,,
pes-12,pes-12,,,
pho-2,pho-2,,,
pho-3,pho-3,,,
pna-2,pna-2,,,
pnm-2,pnm-2,,,
pnm-3,pnm-3,,,
pnm-5,pnm-5,,,
pnm-6,pnm-6,,,
prx-16,prx-16,,,
pun-1,pun-1,,,
rad-9,rad-9,,,
rdy-5,rdy-5,,,
ric-6,ric-6,,,
rrn-1,rrn-1,,,
rrn-1.3,rrn-1.3,,,
rrn-1.4,rrn-1.4,,,
rrn-1.5,rrn-1.5,,,
rrn-1.6,rrn-1.6,,,
rrn-1.7,rrn-1.7,,,
rrn-1.8,rrn-1.8,,,
rrn-1.9,rrn-1.9,,,
rrn-1.10,rrn-1.10,,,
rrn-1.11,rrn-1.11,,,
rrn-1.12,rrn-1.12,,,
rrn-1.13,rrn-1.13,,,
rrn-1.14,rrn-1.14,,,
rrn-1.15,rrn-1.15,,,
rrn-1.16,rrn-1.16,,,
rrn-1.17,rrn-1.17,,,
rrn-1.18,rrn-1.18,,,
rrn-1.19,rrn-1.19,,,
rrn-1.20,rrn-1.20,,,
rrn-1.21,rrn-1.21,,,
rrn-1.22,rrn-1.22,,,
rrn-1.23,rrn-1.23,,,
rrn-1.24,rrn-1.24,,,
rrn-1.25,rrn-1.25,,,
rrn-1.26,rrn-1.26,,,
rrn-1.27,rrn-1.27,,,
rrn-1.28,rrn-1.28,,,
rrn-1.29,rrn-1.29,,,
rrn-1.30,rrn-1.30,,,
rrn-1.31,rrn-1.31,,,
rrn-1.32,rrn-1.32,,,
rrn-1.33,rrn-1.33,,,
rrn-1.34,rrn-1.34,,,
rrn-1.35,rrn-1.35,,,
rrn-1.36,rrn-1.36,,,
rrn-1.37,rrn-1.37,,,
rrn-1.38,rrn-1.38,,,
rrn-1.39,rrn-1.39,,,
rrn-1.40,rrn-1.40,,,
rrn-1.41,rrn-1.41,,,
rrn-1.42,rrn-1.42,,,
rrn-1.43,rrn-1.43,,,
rrn-1.44,rrn-1.44,,,
rrn-1.45,rrn-1.45,,,
rrn-1.46,rrn-1.46,,,
rrn-1.47,rrn-1.47,,,
rrn-1.48,rrn-1.48,,,
rrn-1.49,rrn-1.49,,,
rrn-1.50,rrn-1.50,,,
rrn-1.51,rrn-1.51,,,
rrn-1.52,rrn-1.52,,,
rrn-1.53,rrn-1.53,,,
rrn-1.54,rrn-1.54,,,
rrn-1.55,rrn-1.55,,,
rrn-2.2,rrn-2.2,,,
rrn-2.3,rrn-2.3,,,
rrn-2.4,rrn-2.4,,,
rrn-2.5,rrn-2.5,,,
rrn-2.6,rrn-2.6,,,
rrn-2.7,rrn-2.7,,,
rrn-2.8,rrn-2.8,,,
rrn-2.9,rrn-2.9,,,
rrn-2.10,rrn-2.10,,,
rrn-2.11,rrn-2.11,,,
rrn-2.12,rrn-2.12,,,
rrn-2.13,rrn-2.13,,,
rrn-2.14,rrn-2.14,,,
rrn-2.15,rrn-2.15,,,
rrn-2.16,rrn-2.16,,,
rrn-2.17,rrn-2.17,,,
rrn-2.18,rrn-2.18,,,
rrn-2.19,rrn-2.19,,,
rrn-2.20,rrn-2.20,,,
rrn-2.21,rrn-2.21,,,
rrn-2.22,rrn-2.22,,,
rrn-2.23,rrn-2.23,,,
rrn-2.24,rrn-2.24,,,
rrn-2.25,rrn-2.25,,,
rrn-2.26,rrn-2.26,,,
rrn-2.27,rrn-2.27,,,
rrn-2.28,rrn-2.28,,,
rrn-2.29,rrn-2.29,,,
rrn-2.30,rrn-2.30,,,
rrn-2.31,rrn-2.31,,,
rrn-2.32,rrn-2.32,,,
rrn-2.33,rrn-2.33,,,
rrn-2.34,rrn-2.34,,,
rrn-2.35,rrn-2.35,,,
rrn-2.36,rrn-2.36,,,
rrn-2.37,rrn-2.37,,,
rrn-2.38,rrn-2.38,,,
rrn-2.39,rrn-2.39,,,
rrn-2.40,rrn-2.40,,,
rrn-2.41,rrn-2.41,,,
rrn-2.42,rrn-2.42,,,
rrn-2.43,rrn-2.43,,,
rrn-2.44,rrn-2.44,,,
rrn-2.45,rrn-2.45,,,
rrn-2.46,rrn-2.46,,,
rrn-2.47,rrn-2.47,,,
rrn-2.48,rrn-2.48,,,
rrn-2.49,rrn-2.49,,,
rrn-2.50,rrn-2.50,,,
rrn-2.51,rrn-2.51,,,
rrn-2.52,rrn-2.52,,,
rrn-2.53,rrn-2.53,,,
rrn-2.54,rrn-2.54,,,
rrn-2.55,rrn-2.55,,,
rrn-3.2,rrn-3.2,,,
rrn-3.3,rrn-3.3,,,
rrn-3.4,rrn-3.4,,,
rrn-3.5,rrn-3.5,,,
rrn-3.6,rrn-3.6,,,
rrn-3.7,rrn-3.7,,,
rrn-3.8,rrn-3.8,,,
rrn-3.9,rrn-3.9,,,
rrn-3.10,rrn-3.10,,,
rrn-3.11,rrn-3.11,,,
rrn-3.12,rrn-3.12,,,
rrn-3.13,rrn-3.13,,,
rrn-3.14,rrn-3.14,,,
rrn-3.15,rrn-3.15,,,
rrn-3.16,rrn-3.16,,,
rrn-3.17,rrn-3.17,,,
rrn-3.18,rrn-3.18,,,
rrn-3.19,rrn-3.19,,,
rrn-3.20,rrn-3.20,,,
rrn-3.21,rrn-3.21,,,
rrn-3.22,rrn-3.22,,,
rrn-3.23,rrn-3.23,,,
rrn-3.24,rrn-3.24,,,
rrn-3.25,rrn-3.25,,,
rrn-3.26,rrn-3.26,,,
rrn-3.27,rrn-3.27,,,
rrn-3.28,rrn-3.28,,,
rrn-3.29,rrn-3.29,,,
rrn-3.30,rrn-3.30,,,
rrn-3.31,rrn-3.31,,,
rrn-3.32,rrn-3.32,,,
rrn-3.33,rrn-3.33,,,
rrn-3.34,rrn-3.34,,,
rrn-3.35,rrn-3.35,,,
rrn-3.36,rrn-3.36,,,
rrn-3.37,rrn-3.37,,,
rrn-3.38,rrn-3.38,,,
rrn-3.39,rrn-3.39,,,
rrn-3.40,rrn-3.40,,,
rrn-3.41,rrn-3.41,,,
rrn-3.42,rrn-3.42,,,
rrn-3.43,rrn-3.43,,,
rrn-3.44,rrn-3.44,,,
rrn-3.45,rrn-3.45,,,
rrn-3.46,rrn-3.46,,,
rrn-3.47,rrn-3.47,,,
rrn-3.48,rrn-3.48,,,
rrn-3.49,rrn-3.49,,,
rrn-3.50,rrn-3.50,,,
rrn-3.51,rrn-3.51,,,
rrn-3.52,rrn-3.52,,,
rrn-3.53,rrn-3.53,,,
rrn-3.54,rrn-3.54,,,
rrn-3.55,rrn-3.55,,,
rsd-4,rsd-4,,,
rsn-1,rsn-1,,,
rsn-2,rsn-2,,,
rsn-3,rsn-3,,,
rsn-4,rsn-4,,,
rsn-5,rsn-5,,,
rsn-6,rsn-6,,,
rsn-7,rsn-7,,,
rsn-8,rsn-8,,,
rsn-9,rsn-9,,,
rsn-10,rsn-10,,,
rsn-11,rsn-11,,,
rsn-12,rsn-12,,,
rsn-13,rsn-13,,,
rtm-1,rtm-1,,,
rtm-2,rtm-2,,,
rtm-3,rtm-3,,,
rtm-4,rtm-4,,,
rtr-1,rtr-1,,,
rtu-1,rtu-1,,,
rtw-3,rtw-3,,,
rtw-7,rtw-7,,,
sgs-2,sgs-2,,,
sia-1,sia-1,,,
sir-2,sir-2,,,
skn-4,skn-4,,,
sls-1,sls-1,,,
sma-15,sma-15,,,
sma-18,sma-18,,,
sma-19,sma-19,,,
sog-7,sog-7,,,
sog-8,sog-8,,,
sog-9,sog-9,,,
spe-7,spe-7,,,
spf-1,spf-1,,,
srl-1,srl-1,,,
srl-2,srl-2,,,
ssr-1,ssr-1,,,
stu-11,stu-11,,,
sup-16,sup-16,,,
sup-30,sup-30,,,
sup-31,sup-31,,,
sup-42,sup-42,,,
sup-43,sup-43,,,
sur-4,sur-4,,,
suv-3,suv-3,,,
suv-4,suv-4,,,
suv-5,suv-5,,,
syr-1,syr-1,,,
tig-1,tig-1,,,
unc-111,unc-111,,,
unc-113,unc-113,,,
unc-114,unc-114,,,
unc-117,unc-117,,,
unc-118,unc-118,,,
uts-1,uts-1,,,
uts-2,uts-2,,,
uts-3,uts-3,,,
uts-4,uts-4,,,
uxt-1,uxt-1,,,
uxt-2,uxt-2,,,
vab-5,vab-5,,,
vab-22,vab-22,,,
vet-5,vet-5,,,
vet-7,vet-7,,,
vet-8,vet-8,,,
vet-9,vet-9,,,
vet-10,vet-10,,,
vet-11,vet-11,,,
vex-1,vex-1,,,
zen-2,zen-2,,,
zen-3,zen-3,,,
zyg-5,zyg-5,,,
zyg-10,zyg-10,,,
pre-1,pre-1,,,
pre-7,pre-7,,,
pre-33,pre-33,,,
ssc-3,ssc-3,,,
erf-1,erf-1,,,
erf-2,erf-2,,,
erf-3,erf-3,,,
erf-4,erf-4,,,
erf-5,erf-5,,,
gon-16,gon-16,,,
gon-15,gon-15,,,
MTCE.3,nduo-6,,,
MTCE.4,ndfl-4,,,
MTCE.11,nduo-1,,,
MTCE.12,atp-6,,,
MTCE.16,nduo-2,,,
MTCE.23,ctc-3,,,
MTCE.25,nduo-4,,,
MTCE.26,ctc-1,,,
MTCE.31,ctc-2,,,
MTCE.34,nduo-3,,,
MTCE.35,nduo-5,,,
MTCE.1,MTCE.1,,,
MTCE.2,MTCE.2,,,
MTCE.5,MTCE.5,,,
MTCE.6,MTCE.6,,,
MTCE.7,MTCE.7,,,
MTCE.8,MTCE.8,,,
MTCE.9,MTCE.9,,,
MTCE.10,MTCE.10,,,
MTCE.13,MTCE.13,,,
MTCE.14,MTCE.14,,,
MTCE.15,MTCE.15,,,
MTCE.17,MTCE.17,,,
MTCE.18,MTCE.18,,,
MTCE.19,MTCE.19,,,
MTCE.20,MTCE.20,,,
MTCE.22,MTCE.22,,,
MTCE.24,MTCE.24,,,
MTCE.27,MTCE.27,,,
MTCE.28,MTCE.28,,,
MTCE.29,MTCE.29,,,
MTCE.30,MTCE.30,,,
MTCE.32,MTCE.32,,,
MTCE.33,MTCE.33,,,
MTCE.36,MTCE.36,,,
osr-2,osr-2,,,
osr-3,osr-3,,,
osr-4,osr-4,,,
apo-5,apo-5,,,
gla-1,gla-1,,,
rax-3,rax-3,,,
rax-5,rax-5,,,
rax-6,rax-6,,,
seg-1,seg-1,,,
seg-2,seg-2,,,
chep-1,chep-1,,,
chep-2,chep-2,,,
nre-1,nre-1,,,
lsy-21,lsy-21,,,
lsy-26,lsy-26,,,
lsy-25,lsy-25,,,
lsy-19,lsy-19,,,
lsy-20,lsy-20,,,
such-2,such-2,,,
such-3,such-3,,,
such-4,such-4,,,
such-5,such-5,,,
such-6,such-6,,,
such-7,such-7,,,
mev-5,mev-5,,,
mev-6,mev-6,,,
mev-7,mev-7,,,
bah-3,bah-3,,,
som-1,som-1,,,
som-3,som-3,,,
som-4,som-4,,,
lsy-23,lsy-23,,,
lsy-24,lsy-24,,,
cin-1,cin-1,,,
cin-2,cin-2,,,
cin-3,cin-3,,,
cin-5,cin-5,,,
sex-2,sex-2,,,
nipi-5,nipi-5,,,
szy-1,szy-1,,,
szy-3,szy-3,,,
szy-7,szy-7,,,
szy-8,szy-8,,,
szy-9,szy-9,,,
szy-11,szy-11,,,
szy-12,szy-12,,,
szy-14,szy-14,,,
szy-15,szy-15,,,
szy-16,szy-16,,,
szy-17,szy-17,,,
szy-18,szy-18,,,
szy-19,szy-19,,,
dopy-3,dopy-3,,,
dopy-5,dopy-5,,,
dopy-6,dopy-6,,,
cil-2,cil-2,,,
cil-3,cil-3,,,
cil-5,cil-5,,,
epa-18,epa-18,,,
dopy-4,dopy-4,,,
dyf-15,dyf-15,,,
dyf-16,dyf-16,,,
lite-2,lite-2,,,
lite-3,lite-3,,,
flr-6,flr-6,,,
flr-7,flr-7,,,
let-75,let-75,,,
clk-4,clk-4,,,
clk-5,clk-5,,,
clk-6,clk-6,,,
clk-7,clk-7,,,
clk-9,clk-9,,,
clk-10,clk-10,,,
lol-1,lol-1,,,
suls-1,suls-1,,,
suls-2,suls-2,,,
eri-11,eri-11,,,
eri-10,eri-10,,,
eri-8,eri-8,,,
thrm-2,thrm-2,,,
thrm-3,thrm-3,,,
thrm-4,thrm-4,,,
thrm-5,thrm-5,,,
disp-1,disp-1,,,
thrm-1,thrm-1,,,
mnm-6,mnm-6,,,
mnm-7,mnm-7,,,
mnm-8,mnm-8,,,
btr-2,btr-2,,,
sacy-2,sacy-2,,,
sacy-3,sacy-3,,,
sacy-4,sacy-4,,,
gin-1,gin-1,,,
gin-2,gin-2,,,
susm-1,susm-1,,,
sow-2,sow-2,,,
drop-2,drop-2,,,
drop-3,drop-3,,,
drop-5,drop-5,,,
drop-6,drop-6,,,
drop-7,drop-7,,,
drop-9,drop-9,,,
nde-5,nde-5,,,
nipi-6,nipi-6,,,
nipi-7,nipi-7,,,
nipi-8,nipi-8,,,
nipi-9,nipi-9,,,
lov-3,lov-3,,,
bus-20,bus-20,,,
srf-10,srf-10,,,
bus-25,bus-25,,,
mha-1,mha-1,,,
mha-2,mha-2,,,
mha-3,mha-3,,,
vab-18,vab-18,,,
T22C1.18,terc-1,,,
